country_name;year;gdp;gdp_per_capita
United States;2021;2.29961E+13;69288
Luxembourg;2021;86710803337;135683
United States;2020;2.08937E+13;63028
Luxembourg;2020;73353132794;116356
United States;2019;2.13726E+13;65095
Luxembourg;2019;70195715496;113219
United States;2018;2.05272E+13;62805
Luxembourg;2018;71285019397;117255
United States;2017;1.94796E+13;59915
Luxembourg;2017;65712180343;110193
China;2021;1.77341E+13;12556
Bermuda;2021;7080900000;110869
China;2020;1.46877E+13;10409
Bermuda;2020;6881662000;107706
China;2019;1.42799E+13;10144
Bermuda;2019;7423465000;116153
China;2018;1.38948E+13;9905
Bermuda;2018;7225977000;113051
China;2017;1.23104E+13;8817
Bermuda;2017;7142316000;111821
Japan;2021;4.93742E+12;39285
Ireland;2021;4.9856E+11;99152
Japan;2020;5.04011E+12;39918
Ireland;2020;4.25889E+11;85423
Japan;2019;5.12332E+12;40458
Ireland;2019;3.99122E+11;80887
Japan;2018;5.03784E+12;39727
Ireland;2018;3.85042E+11;79108
Japan;2017;4.93084E+12;38834
Ireland;2017;3.35431E+11;69774
Germany;2021;4.22312E+12;50802
Switzerland;2021;8.12867E+11;93457
Germany;2020;3.84641E+12;46253
Switzerland;2020;7.52248E+11;87100
Germany;2019;3.88833E+12;46795
Switzerland;2019;7.31767E+11;85335
Germany;2018;3.97729E+12;47974
Switzerland;2018;7.35539E+11;86388
Germany;2017;3.69085E+12;44653
Switzerland;2017;7.04479E+11;83352
United Kingdom;2021;3.18686E+12;47334
Norway;2021;4.82437E+11;89203
United Kingdom;2020;2.7569E+12;41098
Norway;2020;3.62198E+11;67330
United Kingdom;2019;2.87867E+12;43070
Norway;2019;4.04941E+11;75720
United Kingdom;2018;2.90079E+12;43647
Norway;2018;4.37E+11;82268
United Kingdom;2017;2.69902E+12;40858
Norway;2017;3.98394E+11;75497
India;2021;3.1734E+12;2277
Singapore;2021;3.96987E+11;72794
India;2020;2.66769E+12;1933
Singapore;2020;3.45296E+11;60729
India;2019;2.83155E+12;2072
Singapore;2019;3.75473E+11;65831
India;2018;2.70293E+12;1998
Singapore;2018;3.76998E+11;66859
India;2017;2.65147E+12;1981
Singapore;2017;3.43193E+11;61151
France;2021;2.93747E+12;43519
France;2020;2.63032E+12;39037
France;2019;2.72887E+12;40579
France;2018;2.79096E+12;41593
France;2017;2.59515E+12;38781
Italy;2021;2.09988E+12;35551
Iceland;2021;25458933916;68384
Italy;2020;1.89257E+12;31835
Iceland;2020;21718075725;59264
Italy;2019;2.01129E+12;33673
Iceland;2019;24857740445;68941
Italy;2018;2.09193E+12;34622
Iceland;2018;26267063758;74470
Italy;2017;1.9618E+12;32407
Iceland;2017;24728285177;72010
Canada;2021;1.99076E+12;52051
Denmark;2021;3.97104E+11;67803
Canada;2020;1.64542E+12;43258
Denmark;2020;3.56085E+11;61063
Canada;2019;1.74202E+12;46329
Denmark;2019;3.47561E+11;59776
Canada;2018;1.72533E+12;46549
Denmark;2018;3.56841E+11;61592
Canada;2017;1.64927E+12;45129
Denmark;2017;3.32121E+11;57610
South Korea;2021;1.79853E+12;34758
Qatar;2021;1.79571E+11;61276
South Korea;2020;1.6379E+12;31598
Qatar;2020;1.44411E+11;50124
South Korea;2019;1.65142E+12;31902
Qatar;2019;1.75838E+11;62088
South Korea;2018;1.72485E+12;33437
Qatar;2018;1.83335E+11;65908
South Korea;2017;1.6239E+12;31617
Qatar;2017;1.61099E+11;59125
Russian Federation;2021;1.7758E+12;12173
Sweden;2021;6.27438E+11;60239
Russian Federation;2020;1.48832E+12;10162
Sweden;2020;5.41487E+11;52300
Russian Federation;2019;1.69311E+12;11536
Sweden;2019;5.3388E+11;51939
Russian Federation;2018;1.65733E+12;11287
Sweden;2018;5.55455E+11;54589
Russian Federation;2017;1.5742E+12;10720
Sweden;2017;5.41019E+11;53792
Brazil;2021;1.60898E+12;7519
Australia;2021;1.54266E+12;59934
Brazil;2020;1.44857E+12;6815
Australia;2020;1.32784E+12;51680
Brazil;2019;1.87329E+12;8876
Australia;2019;1.39195E+12;54875
Brazil;2018;1.91693E+12;9151
Australia;2018;1.42853E+12;57181
Brazil;2017;2.06351E+12;9929
Australia;2017;1.32688E+12;53934
Netherlands;2021;1.01801E+12;58061
Netherlands;2020;9.13865E+11;52396
Netherlands;2019;9.10194E+11;52476
Netherlands;2018;9.14043E+11;53045
Netherlands;2017;8.3387E+11;48675
Spain;2021;1.42528E+12;30116
Finland;2021;2.99155E+11;53983
Spain;2020;1.28148E+12;27056
Finland;2020;2.71837E+11;49161
Spain;2019;1.39305E+12;29554
Finland;2019;2.68508E+11;48629
Spain;2018;1.42099E+12;30365
Finland;2018;2.75715E+11;49989
Spain;2017;1.31254E+12;28170
Finland;2017;2.55648E+11;46412
Mexico;2021;1.29304E+12;9926
Austria;2021;4.77082E+11;53268
Mexico;2020;1.08712E+12;8432
Austria;2020;4.33258E+11;48589
Mexico;2019;1.2694E+12;9950
Austria;2019;4.45012E+11;50114
Mexico;2018;1.22241E+12;9687
Austria;2018;4.55168E+11;51487
Mexico;2017;1.15891E+12;9288
Austria;2017;4.17261E+11;47429
Indonesia;2021;1.18609E+12;4292
Indonesia;2020;1.05869E+12;3871
Indonesia;2019;1.1191E+12;4135
Indonesia;2018;1.04227E+12;3894
Indonesia;2017;1.01562E+12;3838
Belgium;2021;5.99879E+11;51768
Belgium;2020;5.21677E+11;45189
Belgium;2019;5.35376E+11;46599
Belgium;2018;5.43347E+11;47549
Belgium;2017;5.02765E+11;44198
United Arab Emirates;2021;8.33541E+11;23586
Israel;2021;4.81591E+11;51430
United Arab Emirates;2020;7.03368E+11;20204
Israel;2020;4.07101E+11;44178
United Arab Emirates;2019;8.03616E+11;23451
Israel;2019;3.97935E+11;43951
United Arab Emirates;2018;8.16579E+11;24229
Israel;2018;3.73641E+11;42063
United Arab Emirates;2017;6.88586E+11;20802
Israel;2017;3.55277E+11;40774
Turkey;2021;8.15272E+11;9587
Turkey;2020;7.19955E+11;8536
Turkey;2019;7.61004E+11;9122
Turkey;2018;7.78472E+11;9454
Turkey;2017;8.58996E+11;10590
Hong Kong;2021;3.68139E+11;49661
Hong Kong;2020;3.44881E+11;46101
Hong Kong;2019;3.63052E+11;48356
Hong Kong;2018;3.61731E+11;48538
Hong Kong;2017;3.41273E+11;46160
Poland;2021;6.74048E+11;17841
New Zealand;2021;2.49992E+11;48802
Poland;2020;5.96624E+11;15742
New Zealand;2020;2.11735E+11;41597
Poland;2019;5.97281E+11;15732
New Zealand;2019;2.13435E+11;42865
Poland;2018;5.87412E+11;15468
New Zealand;2018;2.11953E+11;43250
Poland;2017;5.26509E+11;13865
New Zealand;2017;2.06624E+11;42925
Macao;2021;29905190182;45422
Macao;2020;25586111076;39403
Macao;2019;55204758070;86197
Macao;2018;55284360483;87526
Macao;2017;50440941939;81019
Thailand;2021;5.05982E+11;7233
Thailand;2020;4.99682E+11;7159
Thailand;2019;5.44081E+11;7814
Thailand;2018;5.06755E+11;7299
Thailand;2017;4.56357E+11;6594
Andorra;2021;3329910724;43048
Andorra;2020;2891001149;37417
Andorra;2019;3155149348;40898
Andorra;2018;3218419897;41793
Andorra;2017;3000162081;38965
Argentina;2021;4.91493E+11;10729
Argentina;2020;3.89591E+11;8586
Argentina;2019;4.52818E+11;10076
Argentina;2018;5.2482E+11;11795
Argentina;2017;6.43629E+11;14613
Malta;2021;17189730470;33257
Malta;2020;14917038504;28946
Malta;2019;15719500921;31186
Malta;2018;15301279478;31573
Malta;2017;13505056442;28857
Nigeria;2021;4.40777E+11;2085
Brunei;2021;14006569576;31723
Nigeria;2020;4.32294E+11;2097
Brunei;2020;12005825770;27443
Nigeria;2019;4.4812E+11;2230
Brunei;2019;13469422959;31086
Nigeria;2018;3.9719E+11;2028
Brunei;2018;13567351175;31628
Nigeria;2017;3.75746E+11;1969
Brunei;2017;12128104859;28572
South Africa;2021;4.19946E+11;6994
Cyprus;2021;27719337670;30798
South Africa;2020;3.35442E+11;5656
Cyprus;2020;24692095945;27682
South Africa;2019;3.87935E+11;6625
Cyprus;2019;25758357775;29206
South Africa;2018;4.04842E+11;7005
Cyprus;2018;25522671233;29334
South Africa;2017;3.81449E+11;6691
Cyprus;2017;22870833710;26609
Bangladesh;2021;4.16265E+11;2503
Bangladesh;2020;3.73902E+11;2270
Bangladesh;2019;3.51238E+11;2154
Bangladesh;2018;3.21379E+11;1991
Bangladesh;2017;2.93755E+11;1840
Egypt;2021;4.04143E+11;3876
Slovenia;2021;61526331889;29201
Egypt;2020;3.65253E+11;3569
Slovenia;2020;53589609581;25490
Egypt;2019;3.03081E+11;3019
Slovenia;2019;54178877606;25943
Egypt;2018;2.49713E+11;2537
Slovenia;2018;54163591695;26117
Egypt;2017;2.35734E+11;2444
Slovenia;2017;48589100043;23514
Bahamas;2021;11208600000;28239
Bahamas;2020;9699500000;24665
Bahamas;2019;13192800000;33872
Bahamas;2018;12755800000;33077
Bahamas;2017;12357600000;32371
Estonia;2021;36262924354;27281
Estonia;2020;30650285472;23054
Estonia;2019;31045591753;23398
Estonia;2018;30489500905;23064
Estonia;2017;26924385103;20438
Philippines;2021;3.94086E+11;3549
Czechia;2021;2.82341E+11;26379
Philippines;2020;3.61751E+11;3301
Czechia;2020;2.45339E+11;22933
Philippines;2019;3.76823E+11;3485
Czechia;2019;2.52498E+11;23660
Philippines;2018;3.46842E+11;3252
Czechia;2018;2.4895E+11;23420
Philippines;2017;3.28481E+11;3123
Czechia;2017;2.18629E+11;20636
Malaysia;2021;3.72701E+11;11371
Portugal;2021;2.49886E+11;24262
Malaysia;2020;3.37006E+11;10412
Portugal;2020;2.28539E+11;22195
Malaysia;2019;3.65276E+11;11433
Portugal;2019;2.39987E+11;23331
Malaysia;2018;3.58792E+11;11380
Portugal;2018;2.42313E+11;23563
Malaysia;2017;3.19112E+11;10259
Portugal;2017;2.21358E+11;21490
Turks And Caicos Islands;2021;943269768;24047
Turks And Caicos Islands;2020;924583000;23880
Turks And Caicos Islands;2019;1197415000;31351
Turks And Caicos Islands;2018;1113178000;29553
Turks And Caicos Islands;2017;1022365000;27545
Viet Nam;2021;3.62638E+11;3694
Viet Nam;2020;3.43243E+11;3526
Viet Nam;2019;3.30391E+11;3425
Viet Nam;2018;3.08702E+11;3231
Viet Nam;2017;2.81353E+11;2974
Pakistan;2021;3.46343E+11;1538
Lithuania;2021;65503849705;23433
Pakistan;2020;3.00306E+11;1360
Lithuania;2020;56546957475;20232
Pakistan;2019;3.20909E+11;1482
Lithuania;2019;54697379017;19576
Pakistan;2018;3.56128E+11;1678
Lithuania;2018;53750911866;19186
Pakistan;2017;3.39206E+11;1632
Lithuania;2017;47758736932;16885
Chile;2021;3.17059E+11;16503
Bahrain;2021;38868663032;22232
Chile;2020;2.52727E+11;13221
Bahrain;2020;34723357447;20407
Chile;2019;2.78585E+11;14699
Bahrain;2019;38653318085;23552
Chile;2018;2.95403E+11;15772
Bahrain;2018;37802005319;24086
Chile;2017;2.76365E+11;14963
Bahrain;2017;35473776596;23743
Colombia;2021;3.14322E+11;6131
Slovakia;2021;1.14871E+11;21088
Colombia;2020;2.703E+11;5312
Slovakia;2020;1.05173E+11;19267
Colombia;2019;3.2311E+11;6419
Slovakia;2019;1.05284E+11;19304
Colombia;2018;3.34198E+11;6730
Slovakia;2018;1.05613E+11;19390
Colombia;2017;3.11884E+11;6377
Slovakia;2017;95393515078;17538
Latvia;2021;38872546229;20642
Latvia;2020;33645460617;17704
Latvia;2019;34308783825;17927
Latvia;2018;34429023435;17865
Latvia;2017;30483806018;15695
Romania;2021;2.84088E+11;14862
Greece;2021;2.16241E+11;20277
Romania;2020;2.49511E+11;12957
Greece;2020;1.88835E+11;17647
Romania;2019;2.49882E+11;12899
Greece;2019;2.05144E+11;19134
Romania;2018;2.41457E+11;12399
Greece;2018;2.12049E+11;19757
Romania;2017;2.11695E+11;10807
Greece;2017;1.99844E+11;18582
Hungary;2021;1.82281E+11;18773
Hungary;2020;1.56743E+11;16076
Hungary;2019;1.63526E+11;16736
Hungary;2018;1.60587E+11;16427
Hungary;2017;1.43136E+11;14624
St. Kitts And Nevis;2021;976150667;18230
St. Kitts And Nevis;2020;980905889;18441
St. Kitts And Nevis;2019;1164877852;22048
St. Kitts And Nevis;2018;1078505889;20567
St. Kitts And Nevis;2017;1060638333;20383
Peru;2021;2.23249E+11;6692
Croatia;2021;67837788544;17399
Peru;2020;2.01705E+11;6117
Croatia;2020;57203783203;14132
Peru;2019;2.28323E+11;7023
Croatia;2019;62246206341;15312
Peru;2018;2.22597E+11;6958
Croatia;2018;62247874949;15228
Peru;2017;2.11007E+11;6711
Croatia;2017;56214427431;13629
Barbados;2021;4900800000;17034
Barbados;2020;4689534962;16319
Barbados;2019;5304164323;18480
Barbados;2018;5097283213;17783
Barbados;2017;4981588900;17404
Iraq;2021;2.07889E+11;5048
Uruguay;2021;59319547636;17021
Iraq;2020;1.8437E+11;4584
Uruguay;2020;53560755047;15419
Iraq;2019;2.33636E+11;5943
Uruguay;2019;61231149881;17688
Iraq;2018;2.27367E+11;5916
Uruguay;2018;64515038268;18704
Iraq;2017;1.87218E+11;4985
Uruguay;2017;64233966861;18691
Ukraine;2021;2.00086E+11;4836
Ukraine;2020;1.56618E+11;3752
Ukraine;2019;1.53883E+11;3661
Ukraine;2018;1.30891E+11;3097
Ukraine;2017;1.12091E+11;2638
Kazakhstan;2021;1.90814E+11;10041
Oman;2021;85868626528;16439
Kazakhstan;2020;1.71082E+11;9122
Oman;2020;73971391417;14485
Kazakhstan;2019;1.81667E+11;9813
Oman;2019;88060858257;17701
Kazakhstan;2018;1.7934E+11;9813
Oman;2018;91505851756;18947
Kazakhstan;2017;1.66806E+11;9248
Oman;2017;80856697009;17329
Trinidad And Tobago;2021;21391802311;15243
Trinidad And Tobago;2020;21392536138;15286
Trinidad And Tobago;2019;23886216403;17123
Trinidad And Tobago;2018;23820742957;17139
Trinidad And Tobago;2017;23180107752;16748
Antigua And Barbuda;2021;1471125926;14901
Antigua And Barbuda;2020;1370281481;13993
Antigua And Barbuda;2019;1687533333;17377
Antigua And Barbuda;2018;1605944444;16680
Antigua And Barbuda;2017;1467977778;15384
Algeria;2021;1.67983E+11;3765
Algeria;2020;1.45009E+11;3307
Algeria;2019;1.71767E+11;3990
Algeria;2018;1.74911E+11;4142
Algeria;2017;1.70097E+11;4110
Morocco;2021;1.32725E+11;3497
Panama;2021;63605065800;14516
Morocco;2020;1.14725E+11;3059
Panama;2020;53977037000;12510
Morocco;2019;1.1987E+11;3235
Panama;2019;66984427200;15774
Morocco;2018;1.18096E+11;3227
Panama;2018;64929409200;15545
Morocco;2017;1.09683E+11;3035
Panama;2017;62202725200;15146
Seychelles;2021;1320053793;13307
Seychelles;2020;1200634489;12194
Seychelles;2019;1684228529;17252
Seychelles;2018;1636310049;16911
Seychelles;2017;1573428277;16417
Ethiopia;2021;1.11271E+11;944
Ethiopia;2020;1.07658E+11;936
Ethiopia;2019;95912590628;856
Ethiopia;2018;84269348327;772
Ethiopia;2017;81770791971;769
Kenya;2021;1.10347E+11;2007
Costa Rica;2021;64282438667;12509
Kenya;2020;1.00667E+11;1872
Costa Rica;2020;62158002233;12202
Kenya;2019;1.0038E+11;1909
Costa Rica;2019;64417670083;12762
Kenya;2018;92202956321;1794
Costa Rica;2018;62420165100;12485
Kenya;2017;82035800868;1633
Costa Rica;2017;60516043590;12226
Ecuador;2021;1.06166E+11;5935
Nauru;2021;133218897;12252
Ecuador;2020;99291124000;5628
Nauru;2020;114626626;10580
Ecuador;2019;1.08108E+11;6223
Nauru;2019;118724074;11030
Ecuador;2018;1.07562E+11;6296
Nauru;2018;124021394;11615
Ecuador;2017;1.04296E+11;6214
Nauru;2017;109359680;10339
Dominican Republic;2021;94243453937;8604
Dominican Republic;2020;78844702329;7268
Dominican Republic;2019;88941299734;8282
Dominican Republic;2018;85555378043;8051
Dominican Republic;2017;79997975622;7609
Bulgaria;2021;80271119426;11635
Bulgaria;2020;69889347433;10079
Bulgaria;2019;68915416142;9879
Bulgaria;2018;66363422450;9447
Bulgaria;2017;59199447421;8366
Guatemala;2021;85986321551;5026
Guatemala;2020;77604632621;4603
Guatemala;2019;77020015201;4639
Guatemala;2018;73208583759;4478
Guatemala;2017;71654134379;4454
Sri Lanka;2021;84518830393;3815
Sri Lanka;2020;80969683537;3694
Sri Lanka;2019;83902574443;3848
Sri Lanka;2018;87963042341;4059
Sri Lanka;2017;87428128124;4077
Grenada;2021;1122083185;9929
Grenada;2020;1043411111;9273
Grenada;2019;1213485185;10834
Grenada;2018;1166523556;10467
Grenada;2017;1125685185;10153
Ghana;2021;77594279055;2445
Ghana;2020;70043199814;2254
Ghana;2019;68337537816;2247
Ghana;2018;67299280680;2261
Ghana;2017;60406382899;2074
Angola;2021;72546985709;2138
Angola;2020;53619071176;1631
Angola;2019;69309104807;2178
Angola;2018;77792940077;2525
Angola;2017;68972763787;2313
Uzbekistan;2021;69238903106;1983
St. Lucia;2021;1764901133;9571
Uzbekistan;2020;59894305353;1750
St. Lucia;2020;1616772748;8805
Uzbekistan;2019;59907674027;1784
St. Lucia;2019;2118791548;11591
Uzbekistan;2018;52633143808;1597
St. Lucia;2018;2065127263;11354
Uzbekistan;2017;62081323299;1917
St. Lucia;2017;1996771441;11035
Belarus;2021;68218816484;7304
Guyana;2021;7409179921;9375
Belarus;2020;61489588895;6555
Guyana;2020;5471256595;6956
Belarus;2019;64409647194;6838
Guyana;2019;5173760192;6610
Belarus;2018;60031262269;6360
Guyana;2018;4787636237;6146
Belarus;2017;54726595249;5786
Guyana;2017;4748174334;6125
Montenegro;2021;5809170962;9367
Montenegro;2020;4780722122;7695
Montenegro;2019;5542201151;8910
Montenegro;2018;5506944403;8850
Montenegro;2017;4856602179;7803
Tanzania;2021;67775101794;1136
Serbia;2021;63068134601;9215
Tanzania;2020;62409709111;1076
Serbia;2020;53335016425;7731
Tanzania;2019;61136873692;1086
Serbia;2019;51514222382;7417
Tanzania;2018;57003713611;1043
Serbia;2018;50640650221;7252
Tanzania;2017;53320625959;1005
Serbia;2017;44179055280;6293
Maldives;2021;4889666932;8995
Maldives;2020;3742769967;6924
Maldives;2019;5607762625;10562
Maldives;2018;5300962660;10279
Maldives;2017;4754175869;9577
Myanmar;2021;65067808985;1187
Mauritius;2021;11156657770;8812
Myanmar;2020;78930257227;1451
Mauritius;2020;10926820603;8633
Myanmar;2019;68697759361;1271
Mauritius;2019;14045808843;11097
Myanmar;2018;67144725831;1250
Mauritius;2018;14181951059;11208
Myanmar;2017;61449392056;1151
Mauritius;2017;13259351418;10485
Equatorial Guinea;2021;12269392789;8462
Equatorial Guinea;2020;10099157270;7198
Equatorial Guinea;2019;11364134109;8381
Equatorial Guinea;2018;13097011208;10006
Equatorial Guinea;2017;12200912828;9668
Gabon;2021;18269350434;8017
Gabon;2020;15316824039;6882
Gabon;2019;16874405840;7767
Gabon;2018;16867325127;7959
Gabon;2017;14929488771;7230
St. Vincent And The Grenadines;2021;889775243;7997
St. Vincent And The Grenadines;2020;872134547;7861
St. Vincent And The Grenadines;2019;910149699;8230
St. Vincent And The Grenadines;2018;884328181;8024
St. Vincent And The Grenadines;2017;847620215;7718
Dominica;2021;545618519;7560
Dominica;2020;504214815;7004
Dominica;2019;611537037;8516
Dominica;2018;554770370;7745
Dominica;2017;521551852;7299
Azerbaijan;2021;54622176471;5384
Azerbaijan;2020;42693000000;4230
Azerbaijan;2019;48174235294;4806
Azerbaijan;2018;47112941176;4740
Azerbaijan;2017;40865558912;4147
Democratic Republic Of Congo;2021;53958573693;584
Botswana;2021;17613846473;7348
Democratic Republic Of Congo;2020;48716960860;544
Botswana;2020;14930072799;6349
Democratic Republic Of Congo;2019;51775830726;597
Botswana;2019;16695925027;7247
Democratic Republic Of Congo;2018;47568210068;566
Botswana;2018;16914245098;7504
Democratic Republic Of Congo;2017;38019265626;467
Botswana;2017;16088437675;7296
Tunisia;2021;46840042941;3924
Tunisia;2020;42514151614;3597
Tunisia;2019;41772900763;3572
Tunisia;2018;42685972269;3691
Tunisia;2017;42164007605;3688
Jordan;2021;45243661972;4406
Jordan;2020;43697659296;4283
Jordan;2019;44502895915;4405
Jordan;2018;42932112676;4308
Jordan;2017;41408960845;4232
Cameroon;2021;45238613480;1662
Cameroon;2020;40804449726;1537
Cameroon;2019;39670977333;1533
Cameroon;2018;39973839065;1585
Cameroon;2017;36098550142;1469
Libya;2021;41879579677;6018
Bosnia and Herzegovina;2021;22571512867;6916
Libya;2020;52320215472;7614
Bosnia and Herzegovina;2020;19955120005;6082
Libya;2019;69252306372;10218
Bosnia and Herzegovina;2019;20201323283;6120
Libya;2018;76684175824;11482
Bosnia and Herzegovina;2018;20177422311;6070
Libya;2017;67158415842;10205
Bosnia and Herzegovina;2017;18079076427;5394
Uganda;2021;40434701517;858
North Macedonia;2021;13879269152;6721
Uganda;2020;37600368181;822
North Macedonia;2020;12116981815;5846
Uganda;2019;35353060634;799
North Macedonia;2019;12606338449;6070
Uganda;2018;32927025573;771
North Macedonia;2018;12683070061;6109
Uganda;2017;30744473912;747
North Macedonia;2017;11307058382;5450
Bolivia, Plurinational State of;2021;40408208524;3415
Bolivia, Plurinational State of;2020;36629843806;3138
Bolivia, Plurinational State of;2019;40895322851;3552
Bolivia, Plurinational State of;2018;40287647931;3549
Bolivia, Plurinational State of;2017;37508642171;3351
Paraguay;2021;38986810989;5400
Albania;2021;18260043500;6494
Paraguay;2020;35432178068;4968
Albania;2020;15131866271;5332
Paraguay;2019;37925338329;5384
Albania;2019;15401830754;5396
Paraguay;2018;40225448341;5783
Albania;2018;15156432310;5288
Paraguay;2017;38997129474;5679
Albania;2017;13019689337;4531
Nepal;2021;36288830373;1223
Nepal;2020;33433670512;1147
Nepal;2019;34186190996;1195
Nepal;2018;33111525872;1179
Nepal;2017;28971589213;1048
Sudan;2021;34326058557;764
Sudan;2020;26987563444;615
Sudan;2019;32338079165;755
Sudan;2018;32333780383;774
Sudan;2017;1.29718E+11;3178
Moldova, Republic of;2021;13679221333;5315
Moldova, Republic of;2020;11859730544;4526
Moldova, Republic of;2019;11971345003;4492
Moldova, Republic of;2018;11457443185;4231
Moldova, Republic of;2017;9669741744;3510
El Salvador;2021;28736940000;4409
Tuvalu;2021;63100962;5291
El Salvador;2020;24638720000;3799
Tuvalu;2020;55054711;4669
El Salvador;2019;26896660000;4168
Tuvalu;2019;54223149;4652
El Salvador;2018;26020850000;4053
Tuvalu;2018;47818290;4156
El Salvador;2017;24979190000;3910
Tuvalu;2017;45217658;3979
Honduras;2021;28488668302;2831
Fiji;2021;4592118710;5086
Honduras;2020;23827840810;2406
Fiji;2020;4574413823;5103
Honduras;2019;25089976947;2574
Fiji;2019;5496264766;6176
Honduras;2018;24067778954;2510
Fiji;2018;5581371850;6317
Honduras;2017;23136232230;2454
Fiji;2017;5353404422;6101
Senegal;2021;27625388352;1606
Georgia;2021;18700241392;5042
Senegal;2020;24493157583;1463
Georgia;2020;15842922533;4256
Senegal;2019;23398811424;1436
Georgia;2019;17470436259;4696
Senegal;2018;23116897847;1458
Georgia;2018;17596922470;4722
Senegal;2017;20996564752;1362
Georgia;2017;16242916916;4357
Cambodia;2021;26961061120;1591
Cambodia;2020;25872798012;1548
Cambodia;2019;27089389787;1643
Cambodia;2018;24571753583;1512
Cambodia;2017;22177200512;1385
Papua New Guinea;2021;26594277246;2916
Kosovo;2021;9007159196;4987
Papua New Guinea;2020;24667052023;2757
Kosovo;2020;7716925356;4311
Papua New Guinea;2019;24751344561;2820
Kosovo;2019;7899879086;4416
Papua New Guinea;2018;24109509853;2801
Kosovo;2018;7878508503;4384
Papua New Guinea;2017;22742613554;2695
Kosovo;2017;7180813376;4009
Zimbabwe;2021;26217726717;1737
Suriname;2021;2862131980;4836
Zimbabwe;2020;18051170799;1215
Suriname;2020;2884248048;4917
Zimbabwe;2019;19284289739;1317
Suriname;2019;3984483762;6854
Zimbabwe;2018;18115543791;1255
Suriname;2018;3996247906;6938
Zimbabwe;2017;17584890937;1235
Suriname;2017;3591623596;6296
Namibia;2021;12236250784;4729
Namibia;2020;10562637376;4157
Namibia;2019;12543203411;5028
Namibia;2018;13682062249;5588
Namibia;2017;12895153160;5367
Armenia;2021;13861183874;4670
Armenia;2020;12641209802;4266
Armenia;2019;13619291361;4605
Armenia;2018;12457941907;4221
Armenia;2017;11527458566;3915
Zambia;2021;21203059080;1121
Jamaica;2021;13638230996;4587
Zambia;2020;18110631358;985
Jamaica;2020;13812425037;4665
Zambia;2019;23308667781;1305
Jamaica;2019;15830768550;5369
Zambia;2018;26311590297;1516
Jamaica;2018;15730793853;5360
Zambia;2017;25873601261;1535
Jamaica;2017;14808989993;5070
Yemen;2021;21061691630;691
Mongolia;2021;15098022829;4535
Yemen;2020;18840511908;632
Mongolia;2020;13312981595;4061
Yemen;2019;21887614217;751
Mongolia;2019;14206359007;4405
Yemen;2018;21606161066;758
Mongolia;2018;13178094459;4157
Yemen;2017;26842231205;964
Mongolia;2017;11480847745;3687
Haiti;2021;20944392615;1815
Belize;2021;1789923264;4420
Haiti;2020;14508218017;1272
Belize;2020;1585631670;3988
Haiti;2019;14785839383;1313
Belize;2019;1945250236;4983
Haiti;2018;16455034353;1479
Belize;2018;1887465218;4927
Haiti;2017;15035560373;1369
Belize;2017;1844906693;4910
Burkina Faso;2021;19737615114;918
Burkina Faso;2020;17933606353;858
Burkina Faso;2019;16178162030;796
Burkina Faso;2018;15890065020;805
Burkina Faso;2017;14106956830;735
Mali;2021;19143741503;918
Mali;2020;17465392779;862
Mali;2019;17280250805;879
Mali;2018;17070867578;895
Mali;2017;15365713059;830
Lao PDR;2021;18827148530;2551
Lao PDR;2020;18981800705;2609
Lao PDR;2019;18740559554;2614
Lao PDR;2018;18141651381;2569
Lao PDR;2017;17071162084;2455
Eswatini;2021;4941373182;4215
Eswatini;2020;3984840580;3435
Eswatini;2019;4466066557;3890
Eswatini;2018;4666784618;4107
Eswatini;2017;4402969226;3914
Marshall Islands;2021;248665600;4171
Marshall Islands;2020;244462400;4130
Marshall Islands;2019;239462200;4073
Marshall Islands;2018;221588900;3794
Marshall Islands;2017;213204100;3673
Samoa;2021;788389972;3939
Samoa;2020;807147528;4068
Samoa;2019;852007105;4323
Samoa;2018;821286939;4188
Samoa;2017;832025556;4259
Lebanon;2021;18076624840;2670
Lebanon;2020;25948915861;3802
Lebanon;2019;51605959131;7527
Lebanon;2018;54901519156;8004
Lebanon;2017;53027680686;7776
West Bank And Gaza;2021;18036800000;3664
West Bank And Gaza;2020;15531700000;3234
West Bank And Gaza;2019;17133500000;3657
West Bank And Gaza;2018;16276600000;3562
West Bank And Gaza;2017;16128000000;3620
Benin;2021;17785640079;1428
Benin;2020;15651545332;1291
Benin;2019;14391686633;1220
Benin;2018;14262407011;1242
Benin;2017;12701654743;1137
Mozambique;2021;16095828897;500
Mozambique;2020;14028811072;449
Mozambique;2019;15390031040;507
Mozambique;2018;14845400593;503
Mozambique;2017;13219079498;461
Guinea;2021;15850520384;1174
Guinea;2020;14169626010;1079
Guinea;2019;13442861444;1053
Guinea;2018;11857030337;955
Guinea;2017;10324668267;856
Niger;2021;14950949875;595
Micronesia;2021;404178050;3477
Niger;2020;13741378450;568
Micronesia;2020;407515928;3543
Niger;2019;12916455161;554
Micronesia;2019;412479413;3624
Niger;2018;12808660528;571
Micronesia;2018;401932300;3568
Niger;2017;11185102400;518
Micronesia;2017;366666800;3290
Madagascar;2021;14637400396;515
Cabo Verde;2021;1936174043;3446
Madagascar;2020;13225591804;478
Cabo Verde;2020;1703698677;3064
Madagascar;2019;14191911512;526
Cabo Verde;2019;1981845741;3604
Madagascar;2018;13614412551;518
Cabo Verde;2018;1966501118;3616
Madagascar;2017;13176313594;515
Cabo Verde;2017;1769787215;3293
Nicaragua;2021;14013022092;2091
Nicaragua;2020;12586941393;1900
Nicaragua;2019;12596636042;1924
Nicaragua;2018;13025239912;2015
Nicaragua;2017;13785909906;2159
Djibouti;2021;3371102124;3364
Djibouti;2020;3181071154;3220
Djibouti;2019;3088853639;3173
Djibouti;2018;2913466732;3038
Djibouti;2017;2762581334;2926
Vanuatu;2021;983469257;3127
Vanuatu;2020;896827873;2920
Vanuatu;2019;936526268;3123
Vanuatu;2018;914736985;3125
Vanuatu;2017;880062103;3083
Malawi;2021;12626718074;643
Malawi;2020;12172128470;636
Malawi;2019;11025370769;592
Malawi;2018;9880676219;545
Malawi;2017;8943543677;506
Republic Of Congo;2021;12523961677;2214
Republic Of Congo;2020;10483151094;1900
Republic Of Congo;2019;12750338736;2370
Republic Of Congo;2018;13670038020;2607
Republic Of Congo;2017;11094823677;2171
Sao Tome And Principe;2021;547092915;2449
Sao Tome And Principe;2020;472914470;2158
Sao Tome And Principe;2019;427425040;1988
Sao Tome And Principe;2018;412253810;1954
Sao Tome And Principe;2017;375614126;1814
Chad;2021;11779980802;696
Solomon Islands;2021;1645213882;2337
Chad;2020;10715396135;652
Solomon Islands;2020;1545888426;2251
Chad;2019;11314951343;710
Solomon Islands;2019;1570093229;2344
Chad;2018;11239167048;726
Solomon Islands;2018;1574622018;2412
Chad;2017;10000395242;666
Solomon Islands;2017;1483793468;2333
Rwanda;2021;11070356519;834
Rwanda;2020;10184345442;786
Rwanda;2019;10356327149;820
Rwanda;2018;9642440646;784
Rwanda;2017;9252834120;772
Tajikistan;2021;8746270636;897
Tajikistan;2020;8133996648;853
Tajikistan;2019;8300784857;891
Tajikistan;2018;7765014424;853
Tajikistan;2017;7536439875;849
Kyrgyz Republic;2021;8543423503;1276
Kyrgyz Republic;2020;7780874537;1183
Kyrgyz Republic;2019;8871026074;1374
Kyrgyz Republic;2018;8271108638;1308
Kyrgyz Republic;2017;7702934800;1243
Togo;2021;8413200568;992
Togo;2020;7574636979;915
Togo;2019;7220395248;893
Togo;2018;7112200725;902
Togo;2017;6395472574;831
Mauritania;2021;8227580740;1723
Mauritania;2020;7915985514;1702
Mauritania;2019;7889655284;1743
Mauritania;2018;7352533586;1670
Mauritania;2017;6800135962;1588
Somalia;2021;7292721820;446
Somalia;2020;6965285325;438
Somalia;2019;6476674592;419
Somalia;2018;5850677296;390
Somalia;2017;5609000000;384
Comoros;2021;1327964249;1495
Comoros;2020;1223876065;1407
Comoros;2019;1195019559;1404
Comoros;2018;1188797575;1428
Comoros;2017;1077439663;1324
Timor-Leste;2021;1959134744;1458
Timor-Leste;2020;1902156800;1443
Timor-Leste;2019;2047931700;1584
Timor-Leste;2018;1583876200;1249
Timor-Leste;2017;1615609700;1299
Sierra Leone;2021;4200380124;516
Sierra Leone;2020;4063289450;509
Sierra Leone;2019;4076578543;522
Sierra Leone;2018;4085114794;534
Sierra Leone;2017;3719369107;497
Liberia;2021;3486741370;673
Liberia;2020;3039982540;601
Liberia;2019;3319596500;672
Liberia;2018;3422754800;710
Liberia;2017;3390703400;721
Burundi;2021;2902029386;237
Burundi;2020;2780510625;234
Burundi;2019;2581268126;224
Burundi;2018;2660123624;238
Burundi;2017;2712324087;251
Lesotho;2021;2518468891;1166
Lesotho;2020;2250717718;1051
Lesotho;2019;2451257579;1153
Lesotho;2018;2514146888;1192
Lesotho;2017;2306185361;1103
Central African Republic;2021;2516498299;511
Central African Republic;2020;2326720921;482
Central African Republic;2019;2221301401;468
Central African Republic;2018;2220978978;476
Central African Republic;2017;2072349974;451
Gambia;2021;2078070684;836
Gambia;2020;1830413000;757
Gambia;2019;1813608280;773
Gambia;2018;1670670669;733
Gambia;2017;1504909753;680
Guinea-Bissau;2021;1638517533;813
Guinea-Bissau;2020;1431758243;728
Guinea-Bissau;2019;1439638443;749
Guinea-Bissau;2018;1504630121;803
Guinea-Bissau;2017;1350177128;739
Bhutan;2021;0;0
Kuwait;2021;0;0
Bhutan;2020;2315436303;3001
Kuwait;2020;1.0596E+11;24812
Bhutan;2019;2535657069;3323
Kuwait;2019;1.36197E+11;32373
Bhutan;2018;2446866405;3243
Kuwait;2018;1.38182E+11;33399
Bhutan;2017;2450364928;3287
Kuwait;2017;1.20707E+11;29759
American Samoa;2021;0;0
Turkmenistan;2021;0;0
American Samoa;2020;709000000;12845
Turkmenistan;2020;0;0
American Samoa;2019;648000000;11715
Turkmenistan;2019;45231428571;7612
American Samoa;2018;639000000;11522
Turkmenistan;2018;40765428571;6967
American Samoa;2017;612000000;11004
Turkmenistan;2017;37926285714;6587
Faroe Islands;2021;0;0
Faroe Islands;2020;3240759989;66321
Faroe Islands;2019;3268839776;67154
Faroe Islands;2018;3180074747;65573
Faroe Islands;2017;2969876872;61455
Aruba;2021;0;0
Aruba;2020;2496648045;23384
Aruba;2019;3310055866;31136
Aruba;2018;3202234637;30254
Aruba;2017;3092178771;29348
New Caledonia;2021;0;0
New Caledonia;2020;9435529927;34695
New Caledonia;2019;9438130987;34789
New Caledonia;2018;9846922416;36382
New Caledonia;2017;9173668102;33977
French Polynesia;2021;0;0
French Polynesia;2020;5669368717;20183
French Polynesia;2019;6008055248;21512
French Polynesia;2018;6135117589;22095
French Polynesia;2017;5833351478;21127
Tonga;2021;0;0
Tonga;2020;488829964;4625
Tonga;2019;512350059;4903
Tonga;2018;489235527;4741
Tonga;2017;460379145;4513
Afghanistan;2021;0;0
Afghanistan;2020;20116137326;517
Afghanistan;2019;18799450743;494
Afghanistan;2018;18053228579;486
Afghanistan;2017;18753469630;517
Cuba;2021;0;0
Cuba;2020;1.07352E+11;9478
Cuba;2019;1.03428E+11;9126
Cuba;2018;1.0005E+11;8824
Cuba;2017;96851000000;8541
Isle Of Man;2021;0;0
Isle Of Man;2020;0;0
Isle Of Man;2019;7315388052;86482
Isle Of Man;2018;7491969313;89113
Isle Of Man;2017;6979581725;83478
Sint Maarten (Dutch Part);2021;0;0
Sint Maarten (Dutch Part);2020;0;0
Sint Maarten (Dutch Part);2019;0;0
Sint Maarten (Dutch Part);2018;1185474860;28988
Sint Maarten (Dutch Part);2017;1191620112;29369
Curacao;2021;0;0
Curacao;2020;2496174736;16110
Curacao;2019;2995185487;19024
Curacao;2018;3020388817;18956
Curacao;2017;3009497207;18789
Greenland;2021;0;0
Greenland;2020;3075968329;54570
Greenland;2019;2994332324;53256
Greenland;2018;3055791341;54545
Greenland;2017;2851610656;50767
San Marino;2021;0;0
San Marino;2020;1544713785;45516
San Marino;2019;1616231696;47727
San Marino;2018;1655300897;48997
San Marino;2017;1528630705;45399
Monaco;2021;0;0
Monaco;2020;6816219303;173688
Monaco;2019;7383745662;189487
Monaco;2018;7194024563;185979
Monaco;2017;6431314957;167517
Cayman Islands;2021;0;0
Cayman Islands;2020;5608989196;85347
Cayman Islands;2019;5943589096;91513
Cayman Islands;2018;5530377593;86181
Cayman Islands;2017;5166467287;81513
Palau;2021;0;0
Palau;2020;257700000;14244
Palau;2019;274200000;15232
Palau;2018;284700000;15895
Palau;2017;285300000;16020
Syrian Arab Republic;2021;0;0
Syrian Arab Republic;2020;0;0
Syrian Arab Republic;2019;0;0
Syrian Arab Republic;2018;21445775364;1266
Syrian Arab Republic;2017;16340665432;956
Northern Mariana Islands;2021;0;0
Northern Mariana Islands;2020;0;0
Northern Mariana Islands;2019;1182000000;20660
Northern Mariana Islands;2018;1302000000;22887
Northern Mariana Islands;2017;1560000000;27585
Guam;2021;0;0
Guam;2020;5844000000;34624
Guam;2019;6364000000;38041
Guam;2018;6060000000;36557
Guam;2017;6013000000;36602
Liechtenstein;2021;0;0
Liechtenstein;2020;0;0
Liechtenstein;2019;6427248943;169049
Liechtenstein;2018;6692504346;176499
Liechtenstein;2017;6474256119;171254
Virgin Islands (U.S.);2021;0;0
Virgin Islands (U.S.);2020;4204000000;39552
Virgin Islands (U.S.);2019;4117000000;38596
Virgin Islands (U.S.);2018;3922000000;36654
Virgin Islands (U.S.);2017;3794000000;35365
Iran, Islamic Republic of;2021;0;0
Iran, Islamic Republic of;2020;2.31548E+11;2757
Iran, Islamic Republic of;2019;2.91363E+11;3514
Iran, Islamic Republic of;2018;3.30992E+11;4046
Iran, Islamic Republic of;2017;4.8663E+11;6032
UAE;2021;0;0
UAE;2020;3.58869E+11;36285
UAE;2019;4.17216E+11;42701
UAE;2018;4.22215E+11;43839
UAE;2017;3.85606E+11;40645
Kiribati;2021;0;0
Kiribati;2020;180911844;1515
Kiribati;2019;177935349;1513
Kiribati;2018;196230574;1694
Kiribati;2017;188192060;1649
Puerto Rico;2021;0;0
Puerto Rico;2020;1.03138E+11;31430
Puerto Rico;2019;1.04915E+11;32851
Puerto Rico;2018;1.00925E+11;31605
Puerto Rico;2017;1.03446E+11;31109
